name,cost,element,element_color,element_dark,element_light,kind,rarity,rarity_color,rarity_pips,ability_name,ability,flavor,atk,def,spd,set_no,edition,art
Cinderwisp,1,Ember,#ff6b35,#2a0905,#ffd166,Spirit — Wisp,Common,#c9d1d9,◆,Kindle,"When Cinderwisp enters play, give another Ember spirit +1 ATK until end of turn.","“Follow the small light,” the old guides said. Few asked where it led.",2,1,4,001,First Edition,../art/01-cinderwisp.jpg
Tidecaller Maru,3,Tide,#2ec4ff,#03182b,#c9f6ff,Spirit — Herald,Rare,#4cc9f0,◆◆,Undertow,Return target spirit with SPD 2 or less to its owner’s hand.,The harbor bells ring twice before she rises.,2,4,3,002,First Edition,../art/02-tidecaller-maru.jpg
Mossback Elder,4,Grove,#6fd08c,#071f10,#e6ffd9,Spirit — Ancient,Common,#c9d1d9,◆,Deep Roots,Mossback Elder can’t be moved by effects your opponents control.,It has been asleep since the forest was a single seed.,3,6,1,003,First Edition,../art/03-mossback-elder.jpg
Galvanir,5,Storm,#b388ff,#130a2e,#f1e6ff,Spirit — Thunderwing,Epic,#c77dff,◆◆◆,Chain Spark,"Deal 2 damage to each enemy spirit. If one is destroyed this way, repeat once.",Count the seconds between the flash and the roar. Then stop counting.,6,3,6,004,First Edition,../art/04-galvanir.jpg
Nyxshade,3,Void,#ff4fa3,#1a0412,#ffd6ec,Spirit — Lurker,Rare,#4cc9f0,◆◆,Eclipse,Nyxshade can’t be targeted while you control another Void spirit.,"Where the lantern fails, she is already waiting.",4,2,5,005,First Edition,../art/05-nyxshade.jpg
"Archsovereign Pyrrhaxion, the Unquenchable Ember of the Ninth Caldera",9,Ember,#ff6b35,#2a0905,#ffd166,Spirit — Primordial,Legendary,#ffc94a,◆◆◆◆,Unending Pyre,"At the start of each turn, deal 1 damage to every other spirit. Pyrrhaxion heals 1 for each spirit damaged.",Nine calderas. Nine kings. One fire that never learned to die.,9,8,4,006,First Edition,../art/06-archsovereign-pyrrhaxion-the-unq.jpg
Ætherwyrm Ölsén,4,Storm,#b388ff,#130a2e,#f1e6ff,Spirit — Wyrm,Rare,#4cc9f0,◆◆,Fjörd Gale,Push each enemy spirit with DEF 3 or less to the back row.,"“Skål to the wind,” øne sailor laughed — and the wind answered.",5,3,4,007,First Edition,../art/07-therwyrm-ls-n.jpg
Lantern Moth,2,Grove,#6fd08c,#071f10,#e6ffd9,Spirit — Swarm,Common,#c9d1d9,◆,Glimmer,"When Lantern Moth is destroyed, draw a card.","They gather at dusk in the hollows of the old wood, a thousand small lamps that drift and dim and brighten again, and the villagers say each one is a promise somebody forgot to keep, still circling the place where it was made, still waiting to be remembered, still burning, patiently, against the coming dark of a winter that has not yet arrived.",1,2,5,008,First Edition,../art/08-lantern-moth.jpg
光の狐 Hikari-no-Kitsune ✨,6,Tide,#2ec4ff,#03182b,#c9f6ff,Spirit — Kitsune,Epic,#c77dff,◆◆◆,Ninefold Mirage,Create two 1/1 Mirage tokens. They copy Hikari’s ability text.,「光を追う者は、影に迷う」 — old proverb,5,4,7,009,First Edition,../art/09-hikari-no-kitsune.jpg
Grimward Sentinel,6,Void,#ff4fa3,#1a0412,#ffd6ec,Spirit — Warden,Epic,#c77dff,◆◆◆,Oath of the Threshold,"Enemy spirits can’t attack you unless their controller pays 2 for each. Whenever an enemy spirit attacks another player, Grimward Sentinel gets +1 DEF permanently and you may return a destroyed Void spirit from your discard pile to your hand. This ability can’t be copied, negated or moved.",It has never once opened the gate.,3,9,1,010,First Edition,../art/10-grimward-sentinel.jpg
[CARD NAME],0,Storm,#b388ff,#130a2e,#f1e6ff,Spirit — TBD,Common,#c9d1d9,◆,TBD,Lorem ipsum dolor sit amet.,TODO: flavor text,0,0,0,011,First Edition,../art/11-card-name.jpg
"Seraphel, Dawn’s Last Light",8,Ember,#ff6b35,#2a0905,#ffd166,Spirit — Seraph,Legendary,#ffc94a,◆◆◆◆,Daybreak,"When Seraphel enters play, restore every friendly spirit to full DEF and give them +2 SPD.",The sky remembers her color long after she has gone.,7,7,6,012,First Edition,../art/12-seraphel-dawn-s-last-light.jpg
Riftling,1,Void,#ff4fa3,#1a0412,#ffd6ec,Spirit — Imp,Common,#c9d1d9,◆,Blink,Riftling can swap places with an adjacent friendly spirit once per turn.,Here. There. Behind you.,1,1,6,013,First Edition,../art/13-riftling.jpg
