NUM,term,category,definition,tryit
001,Artificial intelligence,The basics,"Computer systems that do tasks we usually link with human thinking, such as recognising speech, translating languages or spotting patterns.",Name three apps on your phone that use AI. What does each one predict or recognise?
002,Machine learning,How it works,A way to build AI in which a computer learns patterns from examples (data) instead of following rules a person wrote by hand.,Sort 10 photos into two groups and write down the rule you used. That rule is what a model tries to learn.
003,Training data,How it works,"The examples a model learns from. What is in the data, and what is missing from it, shapes what the model can and cannot do.",Pick an AI tool and ask: whose voices or pictures might be missing from its training data?
004,Neural network,How it works,A model built from layers of simple connected units. Training adjusts the strength of each connection until the outputs are useful.,Draw three rows of dots and connect them. You have sketched the shape of a tiny neural network.
005,Large language model,Tools,"A neural network trained on huge amounts of text to predict the next word. That one skill lets it answer questions, summarise and draft.",Ask a chatbot to finish a sentence three times. Notice how the predictions change.
006,Token,How it works,"A small chunk of text, such as a word, part of a word or a punctuation mark, that a language model reads and writes. Limits are counted in tokens.",Paste a sentence into a tokenizer demo and count how many tokens it becomes.
007,Prompt,Use it well,"The instructions and context you give an AI tool. A clear goal, an example and a few constraints usually get better results.","Ask the same question twice: once in five words, once with a goal, an audience and an example."
008,Hallucination,Use it wisely,When an AI produces something fluent and confident that is false or invented. Check important facts against a reliable source.,"Ask a chatbot for a source on a topic you know well, then open the link and check it."
009,Bias,Use it wisely,"A systematic unfairness in a model's results, often inherited from its training data or from choices made while building it.","Ask an image tool for 'a scientist' four times. Who appears, and who never does?"
010,Generative AI,Tools,"AI that creates new text, images, audio or code based on patterns it learned from its training data.","Generate one paragraph, then rewrite it in your own words. What did you keep, and what did you fix?"
011,Context window,How it works,"The amount of text a model can consider at once, including your prompt and its reply. Anything outside it is not seen.","In a long chat, ask the AI to repeat your first message. Does it still remember it exactly?"
012,Human in the loop,Use it wisely,"A way of working in which a person reviews, corrects or approves what an AI produces before it is used.","Before you share AI-assisted work, list one thing you checked and one thing you changed."
013,Artificial intelligence,The basics,"Computer systems that do tasks we usually link with human thinking, such as recognising speech, translating languages or spotting patterns.",Name three apps on your phone that use AI. What does each one predict or recognise?
014,Machine learning,How it works,A way to build AI in which a computer learns patterns from examples (data) instead of following rules a person wrote by hand.,Sort 10 photos into two groups and write down the rule you used. That rule is what a model tries to learn.
015,Training data,How it works,"The examples a model learns from. What is in the data, and what is missing from it, shapes what the model can and cannot do.",Pick an AI tool and ask: whose voices or pictures might be missing from its training data?
016,Neural network,How it works,A model built from layers of simple connected units. Training adjusts the strength of each connection until the outputs are useful.,Draw three rows of dots and connect them. You have sketched the shape of a tiny neural network.
017,Large language model,Tools,"A neural network trained on huge amounts of text to predict the next word. That one skill lets it answer questions, summarise and draft.",Ask a chatbot to finish a sentence three times. Notice how the predictions change.
018,Token,How it works,"A small chunk of text, such as a word, part of a word or a punctuation mark, that a language model reads and writes. Limits are counted in tokens.",Paste a sentence into a tokenizer demo and count how many tokens it becomes.
019,Prompt,Use it well,"The instructions and context you give an AI tool. A clear goal, an example and a few constraints usually get better results.","Ask the same question twice: once in five words, once with a goal, an audience and an example."
020,Hallucination,Use it wisely,When an AI produces something fluent and confident that is false or invented. Check important facts against a reliable source.,"Ask a chatbot for a source on a topic you know well, then open the link and check it."
021,Bias,Use it wisely,"A systematic unfairness in a model's results, often inherited from its training data or from choices made while building it.","Ask an image tool for 'a scientist' four times. Who appears, and who never does?"
022,Generative AI,Tools,"AI that creates new text, images, audio or code based on patterns it learned from its training data.","Generate one paragraph, then rewrite it in your own words. What did you keep, and what did you fix?"
023,Context window,How it works,"The amount of text a model can consider at once, including your prompt and its reply. Anything outside it is not seen.","In a long chat, ask the AI to repeat your first message. Does it still remember it exactly?"
024,Human in the loop,Use it wisely,"A way of working in which a person reviews, corrects or approves what an AI produces before it is used.","Before you share AI-assisted work, list one thing you checked and one thing you changed."
025,Artificial intelligence,The basics,"Computer systems that do tasks we usually link with human thinking, such as recognising speech, translating languages or spotting patterns.",Name three apps on your phone that use AI. What does each one predict or recognise?
026,Machine learning,How it works,A way to build AI in which a computer learns patterns from examples (data) instead of following rules a person wrote by hand.,Sort 10 photos into two groups and write down the rule you used. That rule is what a model tries to learn.
027,Training data,How it works,"The examples a model learns from. What is in the data, and what is missing from it, shapes what the model can and cannot do.",Pick an AI tool and ask: whose voices or pictures might be missing from its training data?
028,Neural network,How it works,A model built from layers of simple connected units. Training adjusts the strength of each connection until the outputs are useful.,Draw three rows of dots and connect them. You have sketched the shape of a tiny neural network.
029,Large language model,Tools,"A neural network trained on huge amounts of text to predict the next word. That one skill lets it answer questions, summarise and draft.",Ask a chatbot to finish a sentence three times. Notice how the predictions change.
030,Token,How it works,"A small chunk of text, such as a word, part of a word or a punctuation mark, that a language model reads and writes. Limits are counted in tokens.",Paste a sentence into a tokenizer demo and count how many tokens it becomes.
031,Prompt,Use it well,"The instructions and context you give an AI tool. A clear goal, an example and a few constraints usually get better results.","Ask the same question twice: once in five words, once with a goal, an audience and an example."
032,Hallucination,Use it wisely,When an AI produces something fluent and confident that is false or invented. Check important facts against a reliable source.,"Ask a chatbot for a source on a topic you know well, then open the link and check it."
033,Bias,Use it wisely,"A systematic unfairness in a model's results, often inherited from its training data or from choices made while building it.","Ask an image tool for 'a scientist' four times. Who appears, and who never does?"
034,Generative AI,Tools,"AI that creates new text, images, audio or code based on patterns it learned from its training data.","Generate one paragraph, then rewrite it in your own words. What did you keep, and what did you fix?"
035,Context window,How it works,"The amount of text a model can consider at once, including your prompt and its reply. Anything outside it is not seen.","In a long chat, ask the AI to repeat your first message. Does it still remember it exactly?"
036,Human in the loop,Use it wisely,"A way of working in which a person reviews, corrects or approves what an AI produces before it is used.","Before you share AI-assisted work, list one thing you checked and one thing you changed."
037,Artificial intelligence,The basics,"Computer systems that do tasks we usually link with human thinking, such as recognising speech, translating languages or spotting patterns.",Name three apps on your phone that use AI. What does each one predict or recognise?
038,Machine learning,How it works,A way to build AI in which a computer learns patterns from examples (data) instead of following rules a person wrote by hand.,Sort 10 photos into two groups and write down the rule you used. That rule is what a model tries to learn.
039,Training data,How it works,"The examples a model learns from. What is in the data, and what is missing from it, shapes what the model can and cannot do.",Pick an AI tool and ask: whose voices or pictures might be missing from its training data?
040,Neural network,How it works,A model built from layers of simple connected units. Training adjusts the strength of each connection until the outputs are useful.,Draw three rows of dots and connect them. You have sketched the shape of a tiny neural network.
041,Large language model,Tools,"A neural network trained on huge amounts of text to predict the next word. That one skill lets it answer questions, summarise and draft.",Ask a chatbot to finish a sentence three times. Notice how the predictions change.
042,Token,How it works,"A small chunk of text, such as a word, part of a word or a punctuation mark, that a language model reads and writes. Limits are counted in tokens.",Paste a sentence into a tokenizer demo and count how many tokens it becomes.
043,Prompt,Use it well,"The instructions and context you give an AI tool. A clear goal, an example and a few constraints usually get better results.","Ask the same question twice: once in five words, once with a goal, an audience and an example."
044,Hallucination,Use it wisely,When an AI produces something fluent and confident that is false or invented. Check important facts against a reliable source.,"Ask a chatbot for a source on a topic you know well, then open the link and check it."
045,Bias,Use it wisely,"A systematic unfairness in a model's results, often inherited from its training data or from choices made while building it.","Ask an image tool for 'a scientist' four times. Who appears, and who never does?"
046,Generative AI,Tools,"AI that creates new text, images, audio or code based on patterns it learned from its training data.","Generate one paragraph, then rewrite it in your own words. What did you keep, and what did you fix?"
047,Context window,How it works,"The amount of text a model can consider at once, including your prompt and its reply. Anything outside it is not seen.","In a long chat, ask the AI to repeat your first message. Does it still remember it exactly?"
048,Human in the loop,Use it wisely,"A way of working in which a person reviews, corrects or approves what an AI produces before it is used.","Before you share AI-assisted work, list one thing you checked and one thing you changed."
049,Artificial intelligence,The basics,"Computer systems that do tasks we usually link with human thinking, such as recognising speech, translating languages or spotting patterns.",Name three apps on your phone that use AI. What does each one predict or recognise?
050,Machine learning,How it works,A way to build AI in which a computer learns patterns from examples (data) instead of following rules a person wrote by hand.,Sort 10 photos into two groups and write down the rule you used. That rule is what a model tries to learn.
051,Training data,How it works,"The examples a model learns from. What is in the data, and what is missing from it, shapes what the model can and cannot do.",Pick an AI tool and ask: whose voices or pictures might be missing from its training data?
052,Neural network,How it works,A model built from layers of simple connected units. Training adjusts the strength of each connection until the outputs are useful.,Draw three rows of dots and connect them. You have sketched the shape of a tiny neural network.
053,Large language model,Tools,"A neural network trained on huge amounts of text to predict the next word. That one skill lets it answer questions, summarise and draft.",Ask a chatbot to finish a sentence three times. Notice how the predictions change.
054,Token,How it works,"A small chunk of text, such as a word, part of a word or a punctuation mark, that a language model reads and writes. Limits are counted in tokens.",Paste a sentence into a tokenizer demo and count how many tokens it becomes.
055,Prompt,Use it well,"The instructions and context you give an AI tool. A clear goal, an example and a few constraints usually get better results.","Ask the same question twice: once in five words, once with a goal, an audience and an example."
056,Hallucination,Use it wisely,When an AI produces something fluent and confident that is false or invented. Check important facts against a reliable source.,"Ask a chatbot for a source on a topic you know well, then open the link and check it."
057,Bias,Use it wisely,"A systematic unfairness in a model's results, often inherited from its training data or from choices made while building it.","Ask an image tool for 'a scientist' four times. Who appears, and who never does?"
058,Generative AI,Tools,"AI that creates new text, images, audio or code based on patterns it learned from its training data.","Generate one paragraph, then rewrite it in your own words. What did you keep, and what did you fix?"
059,Context window,How it works,"The amount of text a model can consider at once, including your prompt and its reply. Anything outside it is not seen.","In a long chat, ask the AI to repeat your first message. Does it still remember it exactly?"
060,Human in the loop,Use it wisely,"A way of working in which a person reviews, corrects or approves what an AI produces before it is used.","Before you share AI-assisted work, list one thing you checked and one thing you changed."
061,Artificial intelligence,The basics,"Computer systems that do tasks we usually link with human thinking, such as recognising speech, translating languages or spotting patterns.",Name three apps on your phone that use AI. What does each one predict or recognise?
062,Machine learning,How it works,A way to build AI in which a computer learns patterns from examples (data) instead of following rules a person wrote by hand.,Sort 10 photos into two groups and write down the rule you used. That rule is what a model tries to learn.
063,Training data,How it works,"The examples a model learns from. What is in the data, and what is missing from it, shapes what the model can and cannot do.",Pick an AI tool and ask: whose voices or pictures might be missing from its training data?
064,Neural network,How it works,A model built from layers of simple connected units. Training adjusts the strength of each connection until the outputs are useful.,Draw three rows of dots and connect them. You have sketched the shape of a tiny neural network.
065,Large language model,Tools,"A neural network trained on huge amounts of text to predict the next word. That one skill lets it answer questions, summarise and draft.",Ask a chatbot to finish a sentence three times. Notice how the predictions change.
066,Token,How it works,"A small chunk of text, such as a word, part of a word or a punctuation mark, that a language model reads and writes. Limits are counted in tokens.",Paste a sentence into a tokenizer demo and count how many tokens it becomes.
067,Prompt,Use it well,"The instructions and context you give an AI tool. A clear goal, an example and a few constraints usually get better results.","Ask the same question twice: once in five words, once with a goal, an audience and an example."
068,Hallucination,Use it wisely,When an AI produces something fluent and confident that is false or invented. Check important facts against a reliable source.,"Ask a chatbot for a source on a topic you know well, then open the link and check it."
069,Bias,Use it wisely,"A systematic unfairness in a model's results, often inherited from its training data or from choices made while building it.","Ask an image tool for 'a scientist' four times. Who appears, and who never does?"
070,Generative AI,Tools,"AI that creates new text, images, audio or code based on patterns it learned from its training data.","Generate one paragraph, then rewrite it in your own words. What did you keep, and what did you fix?"
071,Context window,How it works,"The amount of text a model can consider at once, including your prompt and its reply. Anything outside it is not seen.","In a long chat, ask the AI to repeat your first message. Does it still remember it exactly?"
072,Human in the loop,Use it wisely,"A way of working in which a person reviews, corrects or approves what an AI produces before it is used.","Before you share AI-assisted work, list one thing you checked and one thing you changed."
073,Artificial intelligence,The basics,"Computer systems that do tasks we usually link with human thinking, such as recognising speech, translating languages or spotting patterns.",Name three apps on your phone that use AI. What does each one predict or recognise?
074,Machine learning,How it works,A way to build AI in which a computer learns patterns from examples (data) instead of following rules a person wrote by hand.,Sort 10 photos into two groups and write down the rule you used. That rule is what a model tries to learn.
075,Training data,How it works,"The examples a model learns from. What is in the data, and what is missing from it, shapes what the model can and cannot do.",Pick an AI tool and ask: whose voices or pictures might be missing from its training data?
076,Neural network,How it works,A model built from layers of simple connected units. Training adjusts the strength of each connection until the outputs are useful.,Draw three rows of dots and connect them. You have sketched the shape of a tiny neural network.
077,Large language model,Tools,"A neural network trained on huge amounts of text to predict the next word. That one skill lets it answer questions, summarise and draft.",Ask a chatbot to finish a sentence three times. Notice how the predictions change.
078,Token,How it works,"A small chunk of text, such as a word, part of a word or a punctuation mark, that a language model reads and writes. Limits are counted in tokens.",Paste a sentence into a tokenizer demo and count how many tokens it becomes.
079,Prompt,Use it well,"The instructions and context you give an AI tool. A clear goal, an example and a few constraints usually get better results.","Ask the same question twice: once in five words, once with a goal, an audience and an example."
080,Hallucination,Use it wisely,When an AI produces something fluent and confident that is false or invented. Check important facts against a reliable source.,"Ask a chatbot for a source on a topic you know well, then open the link and check it."
081,Bias,Use it wisely,"A systematic unfairness in a model's results, often inherited from its training data or from choices made while building it.","Ask an image tool for 'a scientist' four times. Who appears, and who never does?"
082,Generative AI,Tools,"AI that creates new text, images, audio or code based on patterns it learned from its training data.","Generate one paragraph, then rewrite it in your own words. What did you keep, and what did you fix?"
083,Context window,How it works,"The amount of text a model can consider at once, including your prompt and its reply. Anything outside it is not seen.","In a long chat, ask the AI to repeat your first message. Does it still remember it exactly?"
084,Human in the loop,Use it wisely,"A way of working in which a person reviews, corrects or approves what an AI produces before it is used.","Before you share AI-assisted work, list one thing you checked and one thing you changed."
085,Artificial intelligence,The basics,"Computer systems that do tasks we usually link with human thinking, such as recognising speech, translating languages or spotting patterns.",Name three apps on your phone that use AI. What does each one predict or recognise?
086,Machine learning,How it works,A way to build AI in which a computer learns patterns from examples (data) instead of following rules a person wrote by hand.,Sort 10 photos into two groups and write down the rule you used. That rule is what a model tries to learn.
087,Training data,How it works,"The examples a model learns from. What is in the data, and what is missing from it, shapes what the model can and cannot do.",Pick an AI tool and ask: whose voices or pictures might be missing from its training data?
088,Neural network,How it works,A model built from layers of simple connected units. Training adjusts the strength of each connection until the outputs are useful.,Draw three rows of dots and connect them. You have sketched the shape of a tiny neural network.
089,Large language model,Tools,"A neural network trained on huge amounts of text to predict the next word. That one skill lets it answer questions, summarise and draft.",Ask a chatbot to finish a sentence three times. Notice how the predictions change.
090,Token,How it works,"A small chunk of text, such as a word, part of a word or a punctuation mark, that a language model reads and writes. Limits are counted in tokens.",Paste a sentence into a tokenizer demo and count how many tokens it becomes.
091,Prompt,Use it well,"The instructions and context you give an AI tool. A clear goal, an example and a few constraints usually get better results.","Ask the same question twice: once in five words, once with a goal, an audience and an example."
092,Hallucination,Use it wisely,When an AI produces something fluent and confident that is false or invented. Check important facts against a reliable source.,"Ask a chatbot for a source on a topic you know well, then open the link and check it."
093,Bias,Use it wisely,"A systematic unfairness in a model's results, often inherited from its training data or from choices made while building it.","Ask an image tool for 'a scientist' four times. Who appears, and who never does?"
094,Generative AI,Tools,"AI that creates new text, images, audio or code based on patterns it learned from its training data.","Generate one paragraph, then rewrite it in your own words. What did you keep, and what did you fix?"
095,Context window,How it works,"The amount of text a model can consider at once, including your prompt and its reply. Anything outside it is not seen.","In a long chat, ask the AI to repeat your first message. Does it still remember it exactly?"
096,Human in the loop,Use it wisely,"A way of working in which a person reviews, corrects or approves what an AI produces before it is used.","Before you share AI-assisted work, list one thing you checked and one thing you changed."
097,Artificial intelligence,The basics,"Computer systems that do tasks we usually link with human thinking, such as recognising speech, translating languages or spotting patterns.",Name three apps on your phone that use AI. What does each one predict or recognise?
098,Machine learning,How it works,A way to build AI in which a computer learns patterns from examples (data) instead of following rules a person wrote by hand.,Sort 10 photos into two groups and write down the rule you used. That rule is what a model tries to learn.
099,Training data,How it works,"The examples a model learns from. What is in the data, and what is missing from it, shapes what the model can and cannot do.",Pick an AI tool and ask: whose voices or pictures might be missing from its training data?
100,Neural network,How it works,A model built from layers of simple connected units. Training adjusts the strength of each connection until the outputs are useful.,Draw three rows of dots and connect them. You have sketched the shape of a tiny neural network.
